model,MAE,RMSE,R2
LinearRegression,970043.375,1324506.890860142,0.6529242992401123
NeuralNetwork,977616.5625,1310657.4485074275,0.660144567489624
